City_ID,City,Country,Lat,Lng,Max Temp,Humidity,Cloudiness,Wind Speed,Current Description
0,Barrow,US,71.2906,-156.7887,15.82,79,20,8.05,few clouds
1,Vista Hermosa,MX,19.5167,-99.2167,76.55,33,40,8.05,scattered clouds
2,Kodiak,US,57.79,-152.4072,42.31,49,1,3.44,clear sky
3,Busselton,AU,-33.65,115.3333,46.04,80,47,8.79,scattered clouds
4,Vestmannaeyjar,IS,63.4427,-20.2734,43.68,69,55,12.24,broken clouds
5,Suriapet,IN,17.15,79.6167,70.75,68,78,6.96,broken clouds
6,Puerto Ayora,EC,-0.7393,-90.3518,75.16,91,90,8.01,overcast clouds
7,Whyalla,AU,-33.0333,137.5833,60.69,94,75,11.5,broken clouds
8,Maniitsoq,GL,65.4167,-52.9,30.43,53,92,7.29,overcast clouds
9,Cidreira,BR,-30.1811,-50.2056,74.61,61,0,9.93,clear sky
10,Tuktoyaktuk,CA,69.4541,-133.0374,28.4,100,90,4.61,overcast clouds
11,Atuona,PF,-9.8,-139.0333,78.04,67,16,15.66,few clouds
12,Lao Cai,VN,22.4833,103.95,68.38,89,32,0.83,scattered clouds
13,San Juan,AR,-31.5375,-68.5364,94.69,9,7,5.99,clear sky
14,Dudinka,RU,69.4058,86.1778,-6.63,98,97,8.7,overcast clouds
15,Mataura,NZ,-46.1927,168.8643,51.19,88,14,2.91,few clouds
16,Bambous Virieux,MU,-20.3428,57.7575,72.21,83,20,5.75,few clouds
17,Avarua,CK,-21.2078,-159.775,75.25,78,40,9.22,light rain
18,Seoul,KR,37.5683,126.9778,45.84,50,0,1.63,clear sky
19,Brigham City,US,41.5102,-112.0155,51.82,61,90,1.99,overcast clouds
20,Coihaique,CL,-45.5752,-72.0662,60.75,44,75,13.8,broken clouds
21,Kumluca,TR,36.3703,30.2869,67.24,68,99,4.65,light rain
22,Hermanus,ZA,-34.4187,19.2345,70.81,87,99,6.91,overcast clouds
23,Khatanga,RU,71.9667,102.5,4.82,93,100,11.86,overcast clouds
24,Punta Arenas,CL,-53.15,-70.9167,55.42,54,0,39.12,clear sky
25,Norman Wells,CA,65.282,-126.8329,23.04,86,90,3.44,light snow
26,Pevek,RU,69.7008,170.3133,9.82,94,100,12.24,light snow
27,Kapoeta,SS,4.7717,33.5903,84.06,39,35,6.67,scattered clouds
28,Felipe Carrillo Puerto,MX,19.5833,-88.05,92.26,48,98,6.96,overcast clouds
29,Rikitea,PF,-23.1203,-134.9692,73.62,78,22,6.64,few clouds
30,Salalah,OM,17.0151,54.0924,77.09,65,0,2.3,clear sky
31,Ashcroft,CA,50.7165,-121.2859,55.62,56,65,6.8,broken clouds
32,Ushuaia,AR,-54.8,-68.3,53.22,62,40,25.32,scattered clouds
33,Vaini,TO,-21.2,-175.2,77.16,83,75,9.22,broken clouds
34,Belaya Gora,RU,68.5333,146.4167,-4.76,97,98,2.04,overcast clouds
35,Abonnema,NG,4.7084,6.7931,78.42,83,86,5.53,light rain
36,Zafra,ES,38.4167,-6.4167,63.88,41,11,5.19,few clouds
37,Castro,BR,-24.7911,-50.0119,68.58,82,100,7.85,overcast clouds
38,Xuddur,SO,4.1213,43.8894,76.98,68,69,6.91,broken clouds
39,Balkanabat,TM,39.5108,54.3671,48.99,68,7,8.21,clear sky
40,New Norfolk,AU,-42.7826,147.0587,56.7,53,2,3.65,clear sky
41,Bredasdorp,ZA,-34.5322,20.0403,70.29,89,100,13.94,light rain
42,Gopinathpur,IN,22.65,86.0667,73.04,77,50,4.25,scattered clouds
43,Canavieiras,BR,-15.675,-38.9472,80.56,67,32,9.17,scattered clouds
44,Viedma,AR,-40.8135,-62.9967,90.54,13,0,14.45,clear sky
45,Balingasay,PH,16.3573,119.8564,80.96,80,5,8.5,clear sky
46,Cabo San Lucas,MX,22.8909,-109.9124,87.19,57,1,16.11,clear sky
47,Porto Nacional,BR,-10.7081,-48.4172,93.2,20,5,8.08,clear sky
48,Albany,US,42.6001,-73.9662,60.8,68,99,8.61,overcast clouds
49,Sawakin,SD,19.1059,37.3321,85.46,75,15,5.17,few clouds
50,Sobolevo,RU,54.4299,31.8996,41.0,91,92,11.61,overcast clouds
51,Inuvik,CA,68.3499,-133.7218,27.46,100,90,1.14,light snow
52,Ponta Do Sol,PT,32.6667,-17.1,71.01,61,13,3.67,few clouds
53,Lavrentiya,RU,65.5833,-171.0,13.87,74,56,7.99,broken clouds
54,Longyearbyen,SJ,78.2186,15.6401,21.04,68,40,12.66,scattered clouds
55,Shahrud,IR,36.4182,54.9763,39.69,69,2,7.36,clear sky
56,Bluff,NZ,-46.6,168.3333,51.89,86,13,7.18,few clouds
57,Souillac,MU,-20.5167,57.5167,72.36,83,20,5.75,few clouds
58,Adrar,MR,20.5022,-10.0711,75.96,44,14,16.96,few clouds
59,Cape Town,ZA,-33.9258,18.4232,68.88,67,0,1.99,clear sky
60,Tasiilaq,GL,65.6145,-37.6368,24.37,68,68,4.83,broken clouds
61,Pestravka,RU,52.405,49.9583,39.42,51,82,15.82,broken clouds
62,Bethel,US,41.3712,-73.414,58.28,79,90,1.99,overcast clouds
63,Muroto,JP,33.2833,134.15,65.08,67,0,7.25,clear sky
64,Bundaberg,AU,-24.85,152.35,74.21,92,4,1.01,clear sky
65,Acapulco,MX,16.8634,-99.8901,85.82,74,1,6.91,clear sky
66,East London,ZA,-33.0153,27.9116,67.42,82,100,27.04,overcast clouds
67,San Luis,AR,-33.295,-66.3356,89.78,13,100,21.43,overcast clouds
68,Neuquen,AR,-38.9516,-68.0591,85.89,20,0,8.05,clear sky
69,Nemuro,JP,43.3236,145.575,54.9,83,63,11.25,broken clouds
70,Saskylakh,RU,71.9167,114.0833,-10.26,100,100,2.51,overcast clouds
71,Hirara,JP,24.8,125.2833,75.4,59,70,17.16,broken clouds
72,Pauini,BR,-7.7136,-66.9764,81.07,88,91,3.13,heavy intensity rain
73,Fortuna,US,40.5982,-124.1573,67.35,69,75,1.99,broken clouds
74,Rio Grande,BR,-32.035,-52.0986,89.71,63,0,8.9,clear sky
75,Qaanaaq,GL,77.484,-69.3632,20.08,94,100,10.78,overcast clouds
76,Port Alfred,ZA,-33.5906,26.891,66.76,85,100,34.4,light rain
77,Hobart,AU,-42.8794,147.3294,57.06,74,0,17.27,clear sky
78,Awbari,LY,26.5921,12.7805,76.15,23,61,9.84,broken clouds
79,Russkaya Polyana,UA,49.417,31.9201,43.9,68,11,5.28,few clouds
80,Torbay,CA,47.6666,-52.7314,43.29,83,100,3.0,overcast clouds
81,Manta,EC,-0.95,-80.7333,78.58,78,90,10.36,overcast clouds
82,Amnat Charoen,TH,15.9167,104.75,71.2,86,100,18.28,overcast clouds
83,Polyarnyy,RU,69.1989,33.4478,14.47,69,61,8.9,broken clouds
84,Alice Springs,AU,-23.7,133.8833,83.75,37,75,11.5,broken clouds
85,Sao Filipe,CV,14.8961,-24.4956,79.03,76,71,9.15,broken clouds
86,Talnakh,RU,69.4865,88.3972,-2.24,99,92,11.14,overcast clouds
87,Bud,US,39.447,-86.1758,60.21,56,14,6.87,few clouds
88,Mahebourg,MU,-20.4081,57.7,72.25,83,20,5.75,few clouds
89,Whitehorse,CA,60.7161,-135.0538,33.1,93,90,1.99,overcast clouds
90,Klaksvik,FO,62.2266,-6.589,49.12,82,100,19.64,overcast clouds
91,Grindavik,IS,63.8424,-22.4338,39.67,87,0,6.91,clear sky
92,Znamenskoye,RU,57.1281,73.8282,29.28,86,94,4.97,overcast clouds
93,Bontang,ID,0.1333,117.5,78.44,88,11,7.7,few clouds
94,Boa Vista,BR,2.8197,-60.6733,91.38,49,40,3.44,scattered clouds
95,Luena,AO,-11.7833,19.9167,66.27,78,16,5.97,few clouds
96,Strezhevoy,RU,60.7333,77.5889,15.78,96,34,6.78,scattered clouds
97,Narsaq,GL,60.9167,-46.05,29.41,68,7,4.83,clear sky
98,Yellowknife,CA,62.456,-114.3525,39.42,100,75,6.91,light rain
99,Faanui,PF,-16.4833,-151.75,79.74,77,100,9.35,light rain
100,Chiknayakanhalli,IN,13.4172,76.6228,70.86,67,100,5.35,overcast clouds
101,Dali,CN,25.7,100.1833,55.9,87,33,4.74,scattered clouds
102,Lasem,ID,-6.6922,111.4527,78.75,83,100,5.14,overcast clouds
103,Revda,RU,56.801,59.9303,34.61,85,100,11.43,overcast clouds
104,Ilulissat,GL,69.2167,-51.1,15.82,48,75,10.36,broken clouds
105,Taltal,CL,-25.4,-70.4833,68.14,59,22,6.6,few clouds
106,Padang,ID,-0.9492,100.3543,75.25,77,65,3.53,broken clouds
107,Kavaratti,IN,10.5669,72.642,81.52,75,100,9.31,overcast clouds
108,Ahipara,NZ,-35.1667,173.1667,59.94,83,100,4.18,light rain
109,Kapaa,US,22.0752,-159.319,80.58,83,1,1.01,clear sky
110,Lethem,GY,3.3803,-59.7968,91.35,47,74,7.9,broken clouds
111,Saint George,US,37.1041,-113.5841,68.34,39,1,1.01,clear sky
112,Saldanha,ZA,-33.0117,17.9442,60.85,96,100,12.97,overcast clouds
113,Bethanien,NA,-26.502,17.1583,73.42,17,93,13.69,overcast clouds
114,Mehamn,NO,71.0357,27.8492,33.98,74,0,9.22,clear sky
115,Deming,US,32.2687,-107.7586,64.29,13,1,10.36,clear sky
116,Esmeraldas,BR,-19.7625,-44.3139,89.71,55,99,8.39,overcast clouds
117,Konotop,UA,51.2403,33.2026,41.72,81,45,7.14,scattered clouds
118,Buala,SB,-8.145,159.5921,79.93,83,72,6.93,light rain
119,Hithadhoo,MV,-0.6,73.0833,82.53,73,7,15.23,clear sky
120,Butaritari,KI,3.0707,172.7902,81.7,70,100,5.46,overcast clouds
121,Xining,CN,36.6167,101.7667,34.14,82,29,1.9,scattered clouds
122,La Barca,MX,20.2833,-102.5667,77.16,50,90,4.85,overcast clouds
123,Civitavecchia,IT,42.0933,11.7967,62.49,67,100,11.05,overcast clouds
124,Tacuarembo,UY,-31.7333,-55.9833,88.2,43,0,7.49,clear sky
125,Coquimbo,CL,-29.9533,-71.3436,62.33,72,20,12.66,few clouds
126,Cherskiy,RU,68.75,161.3,-18.78,98,7,5.44,clear sky
127,Tual,ID,-5.6667,132.75,83.19,78,97,9.75,overcast clouds
128,Guerrero Negro,MX,27.9769,-114.0611,78.15,30,0,3.18,clear sky
129,Tiksi,RU,71.6872,128.8694,10.69,95,96,3.65,overcast clouds
130,Olafsvik,IS,64.8945,-23.7142,40.39,93,100,22.24,overcast clouds
131,Hilo,US,19.7297,-155.09,79.25,69,20,5.75,few clouds
132,Arraial Do Cabo,BR,-22.9661,-42.0278,76.96,88,75,6.91,broken clouds
133,Zhangye,CN,38.9342,100.4517,41.25,50,5,3.62,clear sky
134,Luderitz,NA,-26.6481,15.1594,61.48,80,100,2.91,overcast clouds
135,Sheridan,US,44.8333,-106.9173,58.01,31,20,4.0,few clouds
136,Bonavista,CA,48.6499,-53.1147,43.12,68,100,14.5,overcast clouds
137,Jamestown,US,42.097,-79.2353,55.29,71,1,10.36,clear sky
138,Mezen,RU,65.8522,44.24,23.07,93,91,10.2,overcast clouds
139,Mwingi,KE,-0.9344,38.0601,69.93,74,0,8.52,clear sky
140,Kapuskasing,CA,49.4169,-82.4331,50.09,57,75,2.3,broken clouds
141,Henties Bay,NA,-22.116,14.2845,60.85,80,100,7.76,overcast clouds
142,Aldama,MX,22.9167,-98.0667,96.44,42,7,6.42,clear sky
143,Yulara,AU,-25.2406,130.9889,73.24,27,71,8.05,broken clouds
144,Te Anau,NZ,-45.4167,167.7167,49.87,94,81,0.43,broken clouds
145,Araouane,ML,18.9048,-3.5265,92.97,15,88,6.44,overcast clouds
146,Dunedin,NZ,-45.8742,170.5036,58.8,82,38,5.99,scattered clouds
147,Nikolskoye,RU,59.7035,30.7861,46.87,93,100,7.78,moderate rain
148,Fairbanks,US,64.8378,-147.7164,26.6,92,90,1.01,light shower snow
149,Sao Joao Da Barra,BR,-21.6403,-41.0511,80.69,82,51,14.43,broken clouds
150,Lazaro Cardenas,MX,17.9583,-102.2,84.67,70,100,4.59,overcast clouds
151,Yuncheng,CN,35.0231,110.9928,56.3,56,100,2.82,overcast clouds
152,Tomatlan,MX,19.9333,-105.25,88.3,59,100,6.35,overcast clouds
153,Kruisfontein,ZA,-34.0033,24.7314,64.89,80,100,2.3,overcast clouds
154,Sukhothai,TH,17.25,99.6667,73.74,94,83,2.53,broken clouds
155,La Ronge,CA,55.1001,-105.2842,41.25,87,90,3.44,overcast clouds
156,Upata,VE,8.0086,-62.3989,82.18,87,86,4.61,overcast clouds
157,Marsa Matruh,EG,31.3525,27.2453,73.72,78,95,15.64,overcast clouds
158,Paamiut,GL,61.994,-49.6678,32.09,72,59,14.52,broken clouds
159,General Roca,AR,-39.0333,-67.5833,91.62,13,100,4.32,overcast clouds
160,Maceio,BR,-9.6658,-35.7353,83.64,74,20,12.66,few clouds
161,Thompson,CA,55.7435,-97.8558,41.16,100,90,3.44,mist
162,Mar Del Plata,AR,-38.0023,-57.5575,77.02,90,0,5.99,clear sky
163,Pisco,PE,-13.7,-76.2167,69.85,64,0,18.41,clear sky
164,Upernavik,GL,72.7868,-56.1549,23.58,74,93,5.41,overcast clouds
165,Meulaboh,ID,4.1363,96.1285,74.3,92,100,4.52,overcast clouds
166,Bathsheba,BB,13.2167,-59.5167,84.81,65,20,11.5,few clouds
167,Mundo Nuevo,MX,18.7,-95.5,87.03,74,10,12.62,clear sky
168,Pine Castle,US,28.472,-81.3679,85.68,45,75,9.22,broken clouds
169,Medicine Hat,CA,50.0501,-110.6683,56.71,39,11,5.99,few clouds
170,Najran,SA,17.4924,44.1277,70.45,24,2,2.24,clear sky
171,Rio Gallegos,AR,-51.6226,-69.2181,66.25,27,75,26.46,broken clouds
172,Namibe,AO,-15.1961,12.1522,66.69,77,13,9.57,few clouds
173,Saint-Philippe,RE,-21.3585,55.7679,71.19,78,40,11.23,scattered clouds
174,Khash,IR,28.2211,61.2158,63.59,35,49,3.33,scattered clouds
175,Kaitangata,NZ,-46.2817,169.8464,50.95,90,11,3.56,few clouds
176,Malkangiri,IN,18.35,81.9,71.74,84,15,2.1,few clouds
177,Letlhakane,BW,-21.4167,25.5833,70.3,63,99,14.9,light rain
178,Carnarvon,AU,-24.8667,113.6333,62.67,59,75,12.66,broken clouds
179,Dikson,RU,73.5069,80.5464,7.81,91,36,2.91,scattered clouds
180,Samarai,PG,-10.6167,150.6667,81.28,77,99,14.18,overcast clouds
181,Lebu,CL,-37.6167,-73.65,57.81,76,60,14.97,broken clouds
182,Jizan,SA,17.3333,42.6667,83.34,56,5,3.78,clear sky
183,Nizwa,OM,22.9333,57.5333,75.27,70,94,9.19,overcast clouds
184,Ilam,NP,26.9167,87.9167,59.32,88,25,3.96,scattered clouds
185,Puerto Escondido,MX,15.85,-97.0667,88.63,62,1,9.22,clear sky
186,Rovaniemi,FI,66.5,25.7167,27.81,100,40,12.66,light shower snow
187,Shamary,RU,57.3434,58.2199,32.41,89,100,10.49,overcast clouds
188,Lorengau,PG,-2.0226,147.2712,81.37,77,22,2.89,few clouds
189,Tuni,IN,17.35,82.55,75.74,86,8,4.23,clear sky
190,Anito,PH,12.4497,125.2886,78.64,87,96,7.14,overcast clouds
191,Cap Malheureux,MU,-19.9842,57.6142,72.46,70,6,1.99,clear sky
192,Luanda,AO,-8.8368,13.2343,77.0,83,20,9.22,light rain
193,Freeport,US,40.6576,-73.5832,64.33,67,90,5.99,overcast clouds
194,Port Lavaca,US,28.615,-96.6261,82.31,51,1,10.36,clear sky
195,Avera,US,33.194,-82.5271,71.47,28,3,1.01,clear sky
196,Oyama,JP,36.3,139.8,61.59,81,100,3.15,overcast clouds
197,Provideniya,RU,64.3833,-173.3,19.51,63,90,11.18,overcast clouds
198,Dhidhdhoo,MV,6.8833,73.1,81.7,75,100,6.38,overcast clouds
199,Zhovtneve,UA,50.6637,24.2492,46.2,83,92,7.63,overcast clouds
200,Elban,RU,50.1018,136.5094,37.81,82,21,5.55,few clouds
201,Georgetown,MY,5.4112,100.3354,81.9,87,20,2.3,few clouds
202,Darnah,LY,32.767,22.6367,71.76,69,96,2.39,overcast clouds
203,Lata,PT,40.1629,-8.3327,60.06,62,0,0.6,clear sky
204,Mkushi,ZM,-13.6202,29.3939,70.23,66,24,12.93,few clouds
205,Tautira,PF,-17.7333,-149.15,84.22,81,7,11.32,light rain
206,Port Hardy,CA,50.6996,-127.4199,50.18,81,75,5.75,light rain
207,Victoria,HK,22.2855,114.1577,77.38,86,83,5.01,light rain
208,Dryden,CA,49.7833,-92.7503,48.49,61,90,16.11,overcast clouds
209,Guarapari,BR,-20.6667,-40.4975,80.49,78,24,12.57,few clouds
210,Yerbogachen,RU,61.2767,108.0108,23.83,69,100,16.62,overcast clouds
211,Chase,CA,50.8165,-119.6857,56.39,61,42,4.81,scattered clouds
212,Maicao,CO,11.3832,-72.2432,88.52,60,32,8.95,scattered clouds
213,Srivardhan,IN,18.0333,73.0167,75.87,65,0,5.08,clear sky
214,Saint-Georges,GD,12.0564,-61.7485,82.08,83,75,20.71,broken clouds
215,Wattegama,LK,6.7989,81.4808,74.68,87,100,2.26,overcast clouds
216,Launceston,AU,-41.45,147.1667,49.64,92,40,0.0,scattered clouds
217,Champasak,LA,14.75,106.0,70.39,99,100,0.36,overcast clouds
218,Swan Hill,AU,-35.3378,143.5544,62.02,46,100,1.97,moderate rain
219,Pyapon,MM,16.2833,95.6833,76.3,86,100,4.36,overcast clouds
220,Belle Fourche,US,44.6714,-103.8522,60.12,29,3,18.66,clear sky
221,Port Elizabeth,ZA,-33.918,25.5701,67.1,78,100,20.04,overcast clouds
222,Solnechnyy,RU,50.7214,136.6319,35.78,95,97,7.14,overcast clouds
223,Oriximina,BR,-1.7656,-55.8661,86.77,60,100,3.96,overcast clouds
224,Ridgecrest,US,35.6225,-117.6709,70.65,26,0,1.01,clear sky
225,Yunhe,CN,34.0833,119.7167,54.64,61,100,3.11,light rain
226,Shimoda,JP,34.6667,138.95,57.11,75,100,6.49,overcast clouds
227,Chokurdakh,RU,70.6333,147.9167,4.51,90,99,5.75,overcast clouds
228,Ketchikan,US,55.3422,-131.6461,46.87,76,75,6.91,light rain
229,Beloha,MG,-25.1667,45.05,68.92,78,100,14.94,overcast clouds
230,Asau,RO,46.4333,26.4,46.76,61,9,3.33,clear sky
231,Constitucion,CL,-35.3333,-72.4167,64.11,64,14,11.77,few clouds
232,Mount Gambier,AU,-37.8333,140.7667,53.51,100,90,6.91,overcast clouds
233,Masuguru,TZ,-11.3667,38.4167,83.17,51,37,6.13,scattered clouds
234,Mayor Pablo Lagerenza,PY,-19.9309,-60.7718,98.94,25,67,8.25,broken clouds
235,Mnogovershinnyy,RU,53.9353,139.9242,34.99,95,100,5.91,light rain
236,Manggar,ID,-2.8833,108.2667,80.85,79,100,2.01,light rain
237,Kuruman,ZA,-27.4524,23.4325,57.99,85,100,8.46,light rain
238,Kerema,PG,-7.9631,145.7785,77.76,89,64,3.2,light rain
239,Dongsheng,CN,39.8161,109.9776,41.0,51,87,4.25,overcast clouds
240,Eskisehir,TR,39.7767,30.5206,46.27,81,0,8.05,clear sky
241,Nanortalik,GL,60.1432,-45.2371,35.94,64,0,8.79,clear sky
242,Ponta Delgada,PT,37.7333,-25.6667,66.92,94,75,8.05,broken clouds
243,Pangnirtung,CA,66.1451,-65.7125,30.2,86,75,8.05,broken clouds
244,Malindi,KE,-3.2175,40.1191,78.28,79,2,13.69,clear sky
245,Lompoc,US,34.6391,-120.4579,80.69,48,1,11.5,clear sky
246,Makat,KZ,47.6469,53.3463,36.64,59,4,7.29,clear sky
247,Chitral,PK,35.8462,71.7858,52.86,47,20,3.24,few clouds
248,Yarmolyntsi,UA,49.1924,26.8373,43.57,84,93,4.99,overcast clouds
249,Antalaha,MG,-14.9003,50.2788,70.74,91,11,4.56,few clouds
250,Beyneu,KZ,45.3167,55.2,37.92,50,0,0.29,clear sky
251,Iisalmi,FI,63.5592,27.1907,41.02,97,100,2.73,light rain
252,Sao Gabriel Da Cachoeira,BR,-0.1303,-67.0892,78.6,89,75,4.61,heavy intensity rain
253,Laguna,US,38.421,-121.4238,72.14,70,1,1.99,clear sky
254,Sakakah,SA,29.9697,40.2064,76.57,28,12,5.59,few clouds
255,College,US,64.8569,-147.8028,26.58,92,75,0.0,light snow
256,Tommot,RU,58.9564,126.2925,27.28,84,100,3.89,overcast clouds
257,Imeni Poliny Osipenko,RU,52.4201,136.4853,31.42,93,21,4.27,few clouds
258,Juegang,CN,32.3174,121.1855,58.98,61,81,6.73,light rain
259,Tukrah,LY,32.5341,20.5791,71.73,74,12,6.22,few clouds
260,Cedar City,US,37.6775,-113.0619,53.4,43,1,8.05,clear sky
261,Korla,CN,41.7597,86.1469,48.22,43,15,2.39,few clouds
262,Kavieng,PG,-2.5744,150.7967,81.19,80,13,10.94,moderate rain
263,Naze,JP,28.3667,129.4833,66.61,63,0,12.44,clear sky
264,Flinders,AU,-34.5833,150.8552,59.81,90,99,1.99,overcast clouds
265,Tazovskiy,RU,67.4667,78.7,1.71,96,31,4.92,scattered clouds
266,Bengkulu,ID,-3.8004,102.2655,76.3,86,100,3.15,overcast clouds
267,Show Low,US,34.2542,-110.0298,53.71,33,1,11.5,clear sky
268,Urumqi,CN,43.801,87.6005,41.95,49,0,2.24,clear sky
269,Xichang,CN,27.8964,102.2634,55.8,86,84,2.44,broken clouds
270,Hervey Bay,AU,-25.2986,152.8535,74.03,81,84,10.56,broken clouds
271,Yankton,US,42.8711,-97.3973,52.05,93,90,14.97,moderate rain
272,Erzin,TR,36.9559,36.2,68.72,38,90,1.66,overcast clouds
273,Patti,IN,31.2808,74.8572,67.95,44,0,3.6,clear sky
274,Kizilskoye,RU,52.7255,58.8937,34.63,60,68,14.27,broken clouds
275,Mbaiki,CF,3.8678,17.9892,72.28,91,22,1.3,few clouds
276,Riyadh,SA,24.6877,46.7219,78.94,22,90,9.48,overcast clouds
277,Arona,ES,28.0996,-16.681,67.39,65,40,13.8,scattered clouds
278,Bischofswerda,DE,51.1277,14.1797,52.03,90,78,5.06,broken clouds
279,Jingdezhen,CN,29.2947,117.2079,61.66,83,100,2.48,light rain
280,Saint-Joseph,RE,-21.3667,55.6167,70.18,78,19,7.31,few clouds
281,Berlevag,NO,70.8578,29.0864,28.4,80,20,10.36,few clouds
282,Opuwo,NA,-18.0607,13.84,72.3,28,41,11.5,scattered clouds
283,Usinsk,RU,65.9939,57.5281,20.43,95,100,13.8,light snow
284,Abu Samrah,SY,35.3029,37.1841,68.68,32,100,1.81,overcast clouds
285,Vanavara,RU,60.34,102.2797,23.95,58,100,16.2,overcast clouds
286,Tura,IN,25.5198,90.2201,67.05,94,0,4.03,clear sky
287,Hambantota,LK,6.1241,81.1185,78.46,80,100,8.14,overcast clouds
288,Aneho,TG,6.2333,1.6,81.1,76,71,8.25,broken clouds
289,Kutum,SD,14.2,24.6667,77.88,19,5,9.57,clear sky
290,Paita,PE,-5.0892,-81.1144,72.16,73,88,19.98,overcast clouds
291,Loubomo,CG,-4.1997,12.6739,71.4,96,100,7.45,heavy intensity rain
292,Hasaki,JP,35.7333,140.8333,57.6,85,100,9.19,overcast clouds
293,Lima,PE,-12.0432,-77.0282,68.4,57,40,1.99,scattered clouds
294,Mapastepec,MX,15.4333,-92.9,87.85,69,24,6.35,few clouds
295,Majene,ID,-3.5403,118.9707,77.88,88,47,3.42,scattered clouds
296,Jumla,NP,29.2747,82.1838,42.3,73,2,3.89,clear sky
297,Vila Franca Do Campo,PT,37.7167,-25.4333,66.61,92,100,9.51,overcast clouds
298,Airai,TL,-8.9266,125.4092,61.45,81,88,1.72,overcast clouds
299,Clyde River,CA,70.4692,-68.5914,32.23,100,75,5.75,broken clouds
300,Sibolga,ID,1.7427,98.7792,76.05,89,83,3.38,broken clouds
301,Chernyshevskiy,RU,63.0128,112.4714,22.59,76,97,17.13,overcast clouds
302,Tigil,RU,57.8,158.6667,29.34,98,100,2.89,overcast clouds
303,Dire,ML,12.2833,-10.9667,81.95,70,35,1.36,scattered clouds
304,Yuzhou,CN,34.1628,113.4639,52.07,42,100,2.62,overcast clouds
305,Sillamae,EE,59.3997,27.7547,47.43,92,100,16.89,overcast clouds
306,George Town,MY,5.4112,100.3354,81.9,88,40,1.01,scattered clouds
307,Sabratah,LY,32.7933,12.4885,71.96,67,59,14.52,broken clouds
308,Richards Bay,ZA,-28.783,32.0377,66.72,81,100,8.19,overcast clouds
309,Teguldet,RU,57.3064,88.1667,29.05,68,100,7.18,overcast clouds
310,Saint-Francois,FR,46.4154,3.9054,46.67,99,2,3.44,clear sky
311,Sur,OM,22.5667,59.5289,79.43,69,12,10.07,few clouds
312,Westport,US,41.1415,-73.3579,60.58,78,90,1.01,overcast clouds
313,Huarmey,PE,-10.0681,-78.1522,70.43,70,7,11.99,clear sky
314,Coxim,BR,-18.5067,-54.76,94.42,38,100,5.5,overcast clouds
315,Tiznit,MA,29.5833,-9.5,60.66,75,0,4.07,clear sky
316,Jiaocheng,CN,24.6774,116.1389,66.61,83,63,2.75,light rain
317,Hami,CN,42.8,93.45,48.72,34,0,2.57,clear sky
318,Mecca,SA,21.4267,39.8261,82.24,55,73,2.39,broken clouds
319,Tocopilla,CL,-22.092,-70.1979,70.38,55,20,6.2,few clouds
320,Chuy,UY,-33.6971,-53.4616,79.97,51,0,7.54,clear sky
321,Goulburn,AU,-34.75,149.7167,42.66,41,100,3.91,overcast clouds
322,Bridlington,GB,54.0831,-0.1919,60.98,75,97,24.92,overcast clouds
323,Aklavik,CA,68.2191,-135.0107,27.43,91,96,4.12,overcast clouds
324,Marzuq,YE,14.4,46.4667,71.38,54,23,4.79,few clouds
325,Sitka,US,57.0531,-135.33,46.29,87,90,14.97,moderate rain
326,Qurbus,TN,36.8167,10.5687,66.24,84,100,5.99,overcast clouds
327,Port Hueneme,US,34.1478,-119.1951,86.2,49,1,5.75,clear sky
328,Swellendam,ZA,-34.0226,20.4417,69.58,83,100,4.9,light rain
329,Pemberton,CA,50.3164,-122.8027,48.06,98,100,5.75,overcast clouds
330,Hof,DE,50.3167,11.9167,49.08,87,95,1.99,overcast clouds
331,Payson,US,40.0444,-111.7321,54.48,52,90,5.75,overcast clouds
332,Davila,PH,18.4726,120.5763,79.29,76,15,18.16,few clouds
333,Sicuani,PE,-14.2694,-71.2261,59.72,41,93,7.45,overcast clouds
334,Carlyle,US,38.6103,-89.3726,64.65,50,100,8.01,overcast clouds
335,Rudnichnyy,RU,59.617,52.4703,33.85,93,100,9.19,overcast clouds
336,Zhigansk,RU,66.7697,123.3711,18.48,91,100,20.87,overcast clouds
337,Mendeleyevo,RU,56.0333,37.2167,42.62,81,75,13.42,light rain
338,Kupang,ID,-10.1667,123.5833,79.74,81,80,7.05,broken clouds
339,Leningradskiy,RU,69.3833,178.4167,9.88,93,100,20.2,light snow
340,Namatanai,PG,-3.6667,152.4333,79.77,80,67,5.97,broken clouds
341,Grand-Lahou,CI,5.1367,-5.0242,77.95,87,97,8.19,light rain
342,Redlands,US,34.0556,-117.1825,82.18,29,0,2.62,clear sky
343,Abnub,EG,27.2696,31.1511,80.13,20,0,4.99,clear sky
344,Vanimo,PG,-2.6741,141.3028,78.64,87,97,4.05,overcast clouds
345,Rocha,UY,-34.4833,-54.3333,82.65,51,0,6.96,clear sky
346,Melfi,IT,40.9965,15.6514,55.4,85,53,2.53,broken clouds
347,Komsomolskiy,UZ,40.4272,71.7189,50.72,53,100,2.3,haze
348,Portland,US,45.5234,-122.6762,58.75,85,90,1.99,overcast clouds
349,Ortona,IT,42.3496,14.4039,58.12,79,93,8.34,overcast clouds
350,Severnyy,RU,50.677,36.5532,41.04,75,0,8.95,clear sky
351,Farah,AF,32.5,62.5,57.69,22,0,1.5,clear sky
352,Rizhao,CN,35.4275,119.4553,57.07,55,100,2.44,light rain
353,Havelock,US,34.8791,-76.9013,70.95,63,5,8.99,clear sky
354,San Cristobal,VE,7.7669,-72.225,78.98,59,100,5.55,overcast clouds
355,Sidi Ali,DZ,36.0998,0.4206,62.87,73,28,8.57,scattered clouds
356,Geraldton,AU,-28.7667,114.6,54.01,87,100,5.75,overcast clouds
357,Nome,US,64.5011,-165.4064,19.47,69,75,5.75,broken clouds
358,Malkara,TR,40.89,26.9011,48.38,76,0,8.19,clear sky
359,Carutapera,BR,-1.195,-46.02,84.4,64,77,9.84,broken clouds
360,Sola,VU,-13.8833,167.55,80.67,77,100,12.17,light rain
361,Axim,GH,4.8699,-2.2405,78.94,83,40,7.34,scattered clouds
362,Sosnovo-Ozerskoye,RU,52.5249,111.5418,31.06,72,71,4.74,broken clouds
363,San Patricio,US,28.017,-97.5169,90.01,15,0,27.36,clear sky
364,Guaruja,BR,-23.9931,-46.2564,80.2,26,100,7.72,overcast clouds
365,Gold Coast,AU,-28.0,153.4333,74.28,88,90,10.36,overcast clouds
366,Melilla,ES,35.2937,-2.9383,68.2,82,75,9.22,broken clouds
367,Artyom,AZ,40.4723,50.333,53.74,60,100,12.71,overcast clouds
368,Batagay,RU,67.6333,134.6333,7.63,97,73,3.96,broken clouds
369,Caravelas,BR,-17.7125,-39.2481,79.48,64,10,9.86,clear sky
370,Chapais,CA,49.7834,-74.8492,49.78,45,100,6.13,overcast clouds
371,Otradnoye,RU,59.7775,30.8181,48.04,93,100,7.78,moderate rain
372,Perevoz,RU,55.5961,44.5446,39.16,96,100,16.64,light rain
373,Susurluk,TR,39.9136,28.1578,57.83,88,7,4.16,clear sky
374,Athabasca,CA,54.7169,-113.2854,49.82,46,89,11.59,overcast clouds
375,Colares,PT,38.7992,-9.4469,68.32,47,0,3.0,clear sky
376,Severo-Kurilsk,RU,50.6789,156.125,42.89,92,100,5.23,overcast clouds
377,Waipawa,NZ,-41.4122,175.5153,56.03,79,99,2.71,overcast clouds
378,Udachnyy,RU,66.4167,112.4,23.31,86,100,19.01,light snow
379,Bonthe,SL,7.5264,-12.505,80.74,79,39,9.91,scattered clouds
380,Iranshahr,IR,27.2025,60.6848,79.14,41,20,6.91,few clouds
381,Altagracia De Orituco,VE,9.8601,-66.3814,74.43,91,100,0.34,overcast clouds
382,Kirakira,SB,-10.4544,161.9205,80.06,84,100,6.8,overcast clouds
383,Iqaluit,CA,63.7506,-68.5145,33.53,80,40,2.3,scattered clouds
384,Altar,MX,30.7,-111.8167,75.6,31,0,5.48,clear sky
385,Amlagora,IN,22.8333,87.3333,73.42,76,0,6.02,clear sky
386,Genhe,CN,50.7833,121.5167,28.87,77,18,2.68,few clouds
387,Dubai,AE,25.2582,55.3047,84.13,61,0,8.05,clear sky
388,Bajil,YE,15.0584,43.2851,86.2,50,13,8.01,few clouds
389,Madang,PG,-5.2246,145.7966,76.06,92,74,2.55,broken clouds
390,Khovu-Aksy,RU,51.1333,93.6,36.54,59,100,2.77,overcast clouds
391,Biak,ID,-0.9131,122.8766,76.42,85,10,1.12,clear sky
392,Sistranda,NO,63.7256,8.834,51.91,75,100,23.42,overcast clouds
393,Kolpny,RU,52.2282,37.0368,43.27,76,59,9.08,broken clouds
394,Dong Hoi,VN,17.4833,106.6,73.09,95,100,7.07,moderate rain
395,Shawnee,US,39.05,-95.7669,59.43,96,90,1.01,light rain
396,Butia,BR,-30.1197,-51.9622,88.32,35,0,8.16,clear sky
397,Bereznehuvate,UA,47.3078,32.8499,46.69,68,61,3.38,broken clouds
398,Konstantinovka,RU,49.6167,127.9833,33.75,86,3,5.28,clear sky
399,Bandarbeyla,SO,9.4942,50.8122,78.53,77,8,10.09,clear sky
400,Talcahuano,CL,-36.7167,-73.1167,65.88,63,0,18.41,clear sky
401,Labuhan,ID,-6.8844,112.2051,79.59,84,92,6.08,overcast clouds
402,Brae,GB,60.3964,-1.353,51.71,89,7,14.85,clear sky
403,Sri Aman,MY,1.2376,111.4621,77.05,100,97,0.0,moderate rain
404,Arica,CL,-18.475,-70.3042,74.75,68,0,12.66,clear sky
405,Fort Walton Beach,US,30.4058,-86.6188,79.56,64,1,5.01,clear sky
406,Santa Cruz,BO,-17.8,-63.1667,94.77,21,5,7.61,clear sky
407,Burnie,AU,-41.0667,145.9167,52.95,81,68,7.2,broken clouds
408,Santa Vitoria Do Palmar,BR,-33.5189,-53.3681,82.02,48,0,7.76,clear sky
409,Atyrau,KZ,47.1167,51.8833,28.42,80,0,8.95,clear sky
410,Ternate,ID,0.8,127.4,80.85,78,64,4.29,broken clouds
411,Barra Patuca,HN,15.8,-84.2833,85.8,69,99,11.32,overcast clouds
412,Ano Mera,GR,37.45,25.4,62.13,77,20,16.11,few clouds
413,Loa Janan,ID,-0.583,117.095,74.14,99,34,1.79,scattered clouds
414,Hammerfest,NO,70.6634,23.6821,33.53,74,0,11.5,clear sky
415,Ribeira Grande,PT,38.5167,-28.7,68.4,68,20,17.27,few clouds
416,El Limon,VE,10.3059,-67.6321,72.77,88,100,3.06,overcast clouds
417,Turkistan,KZ,43.0,68.0,51.06,36,100,9.35,overcast clouds
418,Skeldon,GY,5.8833,-57.1333,84.76,68,44,9.06,scattered clouds
419,Guatire,VE,10.4762,-66.5427,77.2,95,100,2.46,overcast clouds
420,Qasigiannguit,GL,68.8193,-51.1922,16.05,78,100,4.14,overcast clouds
421,Concordia,AR,-31.393,-58.0209,93.27,29,0,11.99,clear sky
422,Sirsi,IN,14.6167,74.85,66.33,69,10,4.59,clear sky
423,Tuatapere,NZ,-46.1333,167.6833,51.87,90,14,5.01,few clouds
424,Yarada,IN,17.65,83.2667,84.52,79,40,2.3,mist
425,Ozernovskiy,RU,51.5,156.5167,41.7,93,100,3.53,overcast clouds
426,Springdale,US,36.1867,-94.1288,61.03,97,75,5.01,mist
427,Dharchula,IN,29.85,80.5333,53.71,43,0,8.08,clear sky
428,Casper,US,42.8666,-106.3131,52.39,44,1,13.0,clear sky
429,Lensk,RU,60.7253,114.9278,31.48,78,99,13.09,overcast clouds
430,Vila Do Maio,CV,15.1333,-23.2167,81.39,75,100,16.11,overcast clouds
431,Nuuk,GL,64.1835,-51.7216,30.81,59,20,6.91,few clouds
432,Evensk,RU,61.95,159.2333,5.63,84,100,6.46,overcast clouds
433,Moura,PT,38.1401,-7.4486,66.31,35,3,5.99,clear sky
434,Hofn,IS,64.2539,-15.2082,35.62,87,0,4.61,clear sky
435,San Miguel,SV,13.4833,-88.1833,92.68,72,40,0.0,scattered clouds
436,Lagoa,PT,39.05,-27.9833,67.57,65,82,22.35,broken clouds
437,Mahon,ES,39.8885,4.2658,59.56,77,20,4.61,few clouds
438,Novikovo,RU,51.1537,37.8879,39.79,83,31,7.43,scattered clouds
439,Port Augusta,AU,-32.5,137.7667,61.7,72,0,7.54,clear sky
440,Vestmanna,FO,62.1564,-7.1664,47.32,93,90,11.5,overcast clouds
441,Jacareacanga,BR,-6.2222,-57.7528,93.51,55,0,4.61,clear sky
442,Mandalgovi,MN,45.7625,106.2708,37.09,36,0,9.35,clear sky
443,Yar-Sale,RU,66.8333,70.8333,12.7,91,52,7.11,broken clouds
444,Xaghra,MT,36.05,14.2644,67.35,84,100,5.01,light rain
445,Moron,AR,-34.6534,-58.6198,97.02,31,0,4.0,clear sky
446,San Jeronimo,PE,-11.9472,-75.2829,62.6,46,100,5.86,overcast clouds
447,Khani,GE,41.9563,42.9566,42.37,56,0,4.36,clear sky
448,Mulatupo,PA,8.9492,-77.7652,83.41,79,100,3.96,overcast clouds
449,Stromness,GB,58.965,-3.296,53.85,91,100,4.0,overcast clouds
450,Nazret,ET,8.55,39.2667,64.42,42,7,8.12,clear sky
451,Quatre Cocos,MU,-20.2078,57.7625,72.09,74,15,10.58,few clouds
452,Poum,NC,-20.2333,164.0167,75.07,83,1,11.16,clear sky
453,Ugoofaaru,MV,5.6667,73.0,81.5,73,100,4.32,overcast clouds
454,Canutama,BR,-6.5339,-64.3831,84.85,75,76,3.29,light rain
455,San Policarpo,PH,12.1791,125.5072,80.85,80,89,9.6,overcast clouds
456,Manono,CD,-7.3,27.4167,71.78,78,74,3.56,light rain
457,Touros,BR,-5.1989,-35.4608,85.1,66,5,17.76,clear sky
458,Merauke,ID,-8.4667,140.3333,80.01,81,100,12.33,overcast clouds
459,Esperance,AU,-33.8667,121.9,55.67,66,67,23.73,broken clouds
460,Fort Wellington,GY,6.4,-57.6,83.41,73,74,10.58,broken clouds
461,Trinidad,BO,-14.8333,-64.9,94.98,43,20,6.91,few clouds
462,San Pedro,PH,14.35,121.0167,79.36,83,40,0.0,scattered clouds
463,Dwarka,IN,22.2394,68.9678,81.99,52,6,10.87,clear sky
464,Temple,US,31.0982,-97.3428,76.95,36,1,4.0,clear sky
465,Srednekolymsk,RU,67.45,153.6833,-8.32,98,90,2.71,overcast clouds
466,Alpena,US,45.0617,-83.4327,51.19,86,90,1.01,overcast clouds
467,Sangar,RU,63.9242,127.4739,15.62,92,100,10.78,overcast clouds
468,Nanchong,CN,30.7951,106.0847,59.47,91,100,1.23,light rain
469,Tambura,SS,5.6,27.4667,75.29,70,66,2.37,broken clouds
470,Kalaleh,IR,37.3807,55.4916,49.87,68,0,3.33,clear sky
471,Gazanjyk,TM,39.2446,55.5154,46.67,70,9,8.95,clear sky
472,Santiago Del Estero,AR,-27.7951,-64.2615,95.81,10,82,15.14,broken clouds
473,Camacha,PT,33.0833,-16.3333,67.53,73,20,6.91,few clouds
474,Druzhba,UA,52.0428,33.9453,39.61,90,32,7.02,scattered clouds
475,Fonte Boa,BR,-2.4959,-66.2662,79.97,81,100,2.89,heavy intensity rain
476,Ancud,CL,-41.8697,-73.8203,62.13,73,3,8.68,clear sky
477,Ukiah,US,39.1502,-123.2078,66.65,86,90,5.75,overcast clouds
478,Mahbubnagar,IN,16.7333,77.9833,66.38,74,95,7.74,overcast clouds
479,Port Lincoln,AU,-34.7333,135.8667,56.41,88,34,11.43,scattered clouds
480,Ola,RU,59.5833,151.2833,24.62,78,100,6.02,overcast clouds
481,Narayanpet,IN,16.7333,77.5,68.58,70,29,8.72,scattered clouds
482,Ormara,PK,25.2088,64.6357,78.19,65,0,8.14,clear sky
483,North Bend,US,43.4065,-124.2243,63.95,86,40,10.36,scattered clouds
484,Atar,MR,20.5169,-13.0499,77.13,53,100,8.43,overcast clouds
485,Tamandare,BR,-8.7597,-35.1047,80.53,69,12,10.04,few clouds
486,Guanica,PR,17.9716,-66.908,88.92,67,0,8.99,clear sky
487,Port Blair,IN,11.6667,92.75,81.18,82,100,8.43,overcast clouds
488,Mollendo,PE,-17.0231,-72.0147,68.02,70,16,6.67,few clouds
489,Wajir,KE,1.7471,40.0573,84.11,53,11,20.27,few clouds
490,Katsuura,JP,35.1333,140.3,60.19,90,100,3.94,overcast clouds
491,Sinnamary,GF,5.3833,-52.95,83.88,67,79,8.95,broken clouds
492,Great Falls,US,47.5002,-111.3008,52.99,27,1,18.99,clear sky
493,Asfi,MA,32.2994,-9.2372,67.68,84,0,10.33,clear sky
494,Jacmel,HT,18.2342,-72.5347,91.24,62,91,8.81,overcast clouds
495,Samfya,ZM,-11.3649,29.5565,79.29,41,52,12.12,broken clouds
496,Tahe,CN,52.3333,124.7333,30.43,79,18,3.53,few clouds
497,Muros,ES,42.7762,-9.0603,63.84,89,6,2.35,clear sky
498,Coahuayana,MX,18.7333,-103.6833,89.08,56,100,5.97,overcast clouds
499,Corrente,BR,-3.7367,-43.3394,98.69,24,48,3.4,scattered clouds
500,Svetlogorsk,BY,52.6333,29.7333,42.49,89,77,7.43,broken clouds
501,Belousovka,KZ,50.1339,82.5239,31.05,100,90,4.47,light shower snow
502,Grand-Santi,GF,4.25,-54.3833,93.96,35,16,1.9,few clouds
503,Hun,LY,29.1268,15.9477,72.79,43,31,5.55,scattered clouds
504,Emerald,AU,-23.5333,148.1667,70.99,59,4,10.96,clear sky
505,Codrington,AU,-38.2667,141.9667,55.29,95,100,9.08,overcast clouds
506,Sragen,ID,-7.4264,111.0222,77.0,86,97,3.0,overcast clouds
507,Porto Novo,BJ,6.4965,2.6036,79.09,81,93,5.61,overcast clouds
508,Redondo,PT,38.6487,-7.5471,60.84,37,78,3.69,broken clouds
509,Llandrindod Wells,GB,52.2416,-3.3787,59.61,87,100,17.31,overcast clouds
510,Natal,BR,-5.795,-35.2094,84.85,70,40,20.71,scattered clouds
511,Cockburn Town,TC,21.4612,-71.1419,83.43,69,100,8.77,overcast clouds
512,Hualmay,PE,-11.0964,-77.6139,69.01,71,12,12.66,few clouds
513,Yei,SS,4.095,30.6779,69.39,81,23,0.76,few clouds
514,Kiama,AU,-34.6833,150.8667,60.01,93,97,1.01,overcast clouds
515,Sampit,ID,-2.5333,112.95,74.71,98,99,1.54,overcast clouds
516,Pacific Grove,US,36.6177,-121.9166,74.61,65,1,1.99,clear sky
517,Kathmandu,NP,27.7167,85.3167,61.02,88,40,2.3,scattered clouds
518,Vila Velha,BR,-20.3297,-40.2925,80.55,69,20,11.5,few clouds
519,Tessalit,ML,20.1986,1.0114,87.66,16,79,9.69,broken clouds
520,Kochki,RU,54.3358,80.4806,27.27,59,100,6.98,overcast clouds
521,Ewa Beach,US,21.3156,-158.0072,81.01,69,40,5.75,scattered clouds
522,Aripuana,BR,-9.1667,-60.6333,80.08,78,100,1.23,overcast clouds
523,Stornoway,GB,58.2093,-6.3865,52.93,87,40,10.36,scattered clouds
524,Gambo,CF,4.6482,22.2633,69.66,97,100,2.17,overcast clouds
525,Dingle,PH,10.9995,122.6711,75.27,94,100,6.91,moderate rain
526,Ryotsu,JP,38.0833,138.4333,59.9,74,29,11.77,scattered clouds
527,Sao Jose Da Coroa Grande,BR,-8.8978,-35.1478,80.01,71,21,10.42,few clouds
528,Mangla,PK,31.8931,72.3817,70.66,32,0,2.98,clear sky
529,Margate,GB,51.3813,1.3862,58.3,83,86,1.99,overcast clouds
530,Leh,IN,34.1667,77.5833,25.47,62,3,3.29,clear sky
531,Razgrad,BG,43.5333,26.5167,46.56,75,0,1.36,clear sky
532,Hecun,CN,36.5333,114.1111,58.44,57,100,4.74,light rain
533,Arman,RU,59.7,150.1667,24.1,75,100,4.85,overcast clouds
534,Oskemen,KZ,49.9565,82.6119,31.96,100,90,4.47,light shower snow
535,Mapiripan,CO,2.8892,-72.1256,75.06,91,100,5.7,overcast clouds
536,Mildura,AU,-34.2,142.15,71.56,49,40,20.71,light rain
537,Ostrovnoy,RU,68.0531,39.5131,27.3,79,95,9.95,light snow
538,Ouro Preto Do Oeste,BR,-10.7481,-62.2158,87.91,51,98,3.85,overcast clouds
539,Qaqortoq,GL,60.7167,-46.0333,31.19,70,7,3.83,clear sky
540,Muravlenko,RU,63.7898,74.523,9.64,95,21,7.94,few clouds
541,Sandpoint,US,48.2766,-116.5533,53.46,67,90,3.0,overcast clouds
542,Ingham,US,42.6,-84.3833,52.02,87,90,4.61,overcast clouds
543,Lisala,CD,2.15,21.5167,72.95,88,98,1.36,overcast clouds
544,Kurumkan,RU,54.3,110.3,32.63,79,94,3.74,overcast clouds
545,Cascais,PT,38.6979,-9.4215,68.5,48,0,3.0,clear sky
546,Celestun,MX,20.8667,-90.4,88.93,58,22,9.42,few clouds
547,San Quintin,MX,30.4833,-115.95,71.82,45,0,4.92,clear sky
548,Ust-Tsilma,RU,65.441,52.1498,26.01,96,100,7.05,snow
549,Haines Junction,CA,60.7522,-137.5108,28.4,85,98,0.47,overcast clouds
550,Nouadhibou,MR,20.931,-17.0347,68.7,85,26,18.21,scattered clouds
551,Nakhon Si Thammarat,TH,8.25,100.0,76.96,87,100,3.94,overcast clouds
552,Erenhot,CN,43.6475,111.9767,43.18,32,0,7.31,clear sky
553,Deputatskiy,RU,69.3,139.9,1.51,98,100,2.19,overcast clouds
554,Zambezi,ZM,-13.5432,23.1047,78.13,36,77,5.03,broken clouds
555,Saint-Pierre,RE,-21.3393,55.4781,71.28,74,0,3.44,clear sky
556,Broome,US,42.2506,-75.833,58.32,70,1,4.0,clear sky
557,Abu Road,IN,24.4833,72.7833,73.78,44,0,4.47,clear sky
558,Shivrajpur,IN,22.4167,73.65,73.04,61,5,5.5,clear sky
559,Palmer,US,42.1584,-72.3287,56.86,84,90,4.0,light intensity drizzle
560,Iquique,CL,-20.2208,-70.1431,66.24,65,16,7.92,few clouds
561,Daniel Flores,CR,9.3355,-83.6694,79.45,75,100,4.54,overcast clouds
562,Khorramabad,IR,33.4878,48.3558,57.54,28,6,0.54,clear sky
563,Zwedru,LR,6.0667,-8.1281,74.14,95,90,2.95,overcast clouds
564,Sagar,IN,23.8333,78.7167,64.38,50,0,4.7,clear sky
565,Kalmunai,LK,7.4167,81.8167,78.58,81,100,6.42,overcast clouds
566,Linhares,BR,-19.3911,-40.0722,80.87,62,61,10.11,broken clouds
567,Krasnoselkup,RU,65.7,82.4667,8.29,97,93,8.5,overcast clouds
568,Clinton,US,42.587,-82.9199,53.94,89,90,0.0,overcast clouds
569,Terrace,CA,54.5163,-128.6035,46.42,93,75,8.05,light rain
570,Shingu,JP,33.7333,135.9833,55.45,78,0,7.14,clear sky
571,Cayenne,GF,4.9333,-52.3333,87.84,79,75,4.0,broken clouds
572,Sirjan,IR,29.452,55.6814,57.74,25,37,3.02,scattered clouds
573,Tilichiki,RU,60.4667,166.1,-2.56,96,9,8.46,clear sky
574,Ampanihy,MG,-24.7,44.75,68.52,77,100,14.83,overcast clouds
575,Nishihara,JP,26.1842,127.7558,72.68,61,20,16.11,few clouds
576,Marquette,US,46.5333,-87.6335,52.77,66,24,7.18,few clouds
577,Lubartow,PL,51.4603,22.6095,48.65,74,96,9.78,overcast clouds
578,Marsh Harbour,BS,26.5412,-77.0636,81.18,64,8,15.73,clear sky
579,Mayo,US,38.8876,-76.5119,72.77,60,20,14.0,few clouds
580,Barcelos,PT,41.5388,-8.6151,64.92,65,25,1.3,scattered clouds
581,Derby,GB,52.9228,-1.4766,61.09,77,40,20.71,scattered clouds
582,Jhabua,IN,22.7667,74.6,70.75,64,4,7.14,clear sky
583,Port Moresby,PG,-9.4431,147.1797,76.46,89,28,5.86,scattered clouds
584,Dolores,AR,-36.3132,-57.6792,89.33,37,6,5.48,clear sky
585,Fort-Shevchenko,KZ,44.5086,50.263,46.6,55,0,9.53,clear sky
586,Sambava,MG,-14.2667,50.1667,73.94,84,20,5.66,light rain
587,Isangel,VU,-19.55,169.2667,75.31,94,100,2.3,overcast clouds
588,Albi,FR,43.9298,2.148,60.46,60,0,3.0,clear sky
589,Novyy Urgal,RU,51.0736,132.5642,27.3,93,8,1.83,clear sky
590,Lake Havasu City,US,34.4839,-114.3224,76.24,20,1,8.99,clear sky
591,Wonthaggi,AU,-38.6044,145.5913,60.21,67,27,6.51,scattered clouds
592,Santiago,CL,-33.4569,-70.6483,81.84,35,0,9.22,clear sky
593,Bilma,NE,18.6853,12.9164,85.69,13,1,5.95,clear sky
594,Lichinga,MZ,-13.3128,35.2406,65.98,75,23,7.27,few clouds
595,Kota Bahru,MY,6.1333,102.2386,76.95,100,40,3.44,scattered clouds
596,Huizen,NL,52.2992,5.2417,56.05,90,65,11.32,broken clouds
597,Hede,CN,33.7681,120.2517,55.26,58,100,1.88,light rain
598,Kajaani,FI,64.2273,27.7285,33.85,93,90,4.61,light snow
599,Dandong,CN,40.1292,124.3947,44.56,61,0,5.1,clear sky
600,Sundargarh,IN,22.1167,84.0333,68.68,68,5,6.08,clear sky
601,Chunskiy,RU,56.0815,99.6342,26.89,67,15,4.05,few clouds
602,Maragogi,BR,-9.0122,-35.2225,79.52,72,13,10.22,few clouds
603,Sorland,NO,67.667,12.6934,41.07,91,100,24.99,moderate rain
604,Jiangyou,CN,31.7667,104.7167,57.27,84,100,3.13,moderate rain
605,Half Moon Bay,US,37.4636,-122.4286,71.91,77,1,10.36,haze
606,Sioux Lookout,CA,50.1001,-91.917,48.58,71,100,10.22,overcast clouds
607,Kahului,US,20.8947,-156.47,80.96,69,20,12.66,few clouds
608,Can,TR,40.0333,27.0524,57.27,73,100,11.45,overcast clouds
609,Umm Lajj,SA,25.0213,37.2685,80.17,64,0,6.55,clear sky
610,Muriti,TZ,-1.9833,32.9167,76.75,64,99,7.43,overcast clouds
611,Yepifan,RU,53.8253,38.5518,42.46,80,97,12.35,overcast clouds
612,Dauriya,RU,49.9333,116.8667,29.14,79,2,4.54,clear sky
613,Sal Rei,CV,16.1833,-22.9167,80.8,74,75,13.8,broken clouds
614,Ochamchira,GE,42.7121,41.4721,50.29,68,0,3.33,clear sky
615,Acajutla,SV,13.5928,-89.8275,91.74,74,21,5.55,few clouds
616,El Vigia,VE,8.6219,-71.6506,84.6,70,100,1.54,overcast clouds
617,Da Nang,VN,16.0678,108.2208,77.05,94,75,2.3,broken clouds
618,Sao Paulo De Olivenca,BR,-3.3783,-68.8725,83.26,76,100,1.36,overcast clouds
619,Yatou,CN,37.15,122.3833,51.91,64,51,5.99,light rain
620,Hue,VN,16.4667,107.6,77.11,94,75,2.3,broken clouds
621,Vardo,NO,70.3705,31.1107,31.98,74,40,6.91,scattered clouds
622,Ippy,CF,6.2679,21.2247,70.81,94,100,2.51,light rain
623,Flin Flon,CA,54.7682,-101.865,44.44,87,90,2.3,overcast clouds
624,Fougamou,GA,-1.2154,10.5838,73.54,99,100,4.36,moderate rain
625,Buraydah,SA,26.326,43.975,75.65,15,100,5.57,overcast clouds
626,Eydhafushi,MV,5.1033,73.0708,81.41,72,100,5.64,overcast clouds
627,Hope,US,33.6671,-93.5916,68.07,97,100,10.13,moderate rain
628,Trairi,BR,-3.2778,-39.2689,83.89,63,6,14.83,clear sky
629,Tecoanapa,MX,16.5167,-98.75,84.51,74,42,8.75,scattered clouds
630,Cozumel,MX,20.5083,-86.9458,88.95,73,40,4.0,scattered clouds
631,Floriano,BR,-6.7669,-43.0225,100.47,21,10,4.16,clear sky
632,Burns Lake,CA,54.2331,-125.7533,42.22,63,16,12.68,few clouds
633,Paracuru,BR,-3.41,-39.0306,86.02,66,5,15.59,clear sky
634,Havoysund,NO,70.9963,24.6622,34.03,81,8,21.27,clear sky
635,Port-Cartier,CA,50.0334,-66.8654,44.82,62,0,5.7,clear sky
636,Hobyo,SO,5.3505,48.5268,80.73,78,9,9.78,clear sky
637,Gisborne,NZ,-38.6533,178.0042,62.94,85,100,4.88,heavy intensity rain
638,Mabaruma,GY,8.2,-59.7833,80.04,91,73,5.61,broken clouds
639,Sandwick,GB,60.0,-1.25,51.62,93,75,14.97,broken clouds
640,Rosetta,EG,31.4044,30.4164,73.45,71,11,14.18,few clouds
641,Krasnokamensk,RU,50.0979,118.0369,34.61,60,7,4.59,clear sky
642,Krasnogvardeyskoye,RU,45.8456,41.5186,37.09,59,0,8.57,clear sky
643,Aksarka,RU,66.5606,67.7975,11.5,92,100,5.35,overcast clouds
644,Husavik,IS,66.0449,-17.3389,35.51,97,100,12.28,overcast clouds
645,Ndele,CF,8.4109,20.6473,74.73,84,97,4.0,light rain
646,Sainte-Rose,GP,16.3324,-61.6979,85.17,65,20,10.36,few clouds
647,Gerash,IR,27.6652,54.1371,64.54,13,99,2.44,overcast clouds
648,Honningsvag,NO,70.9821,25.9704,33.55,69,40,14.97,scattered clouds
649,Channel-Port Aux Basques,CA,47.5702,-59.1367,47.82,62,100,21.39,overcast clouds
650,Los Alamos,US,35.8881,-106.307,53.38,19,1,3.0,clear sky
651,Port Keats,AU,-14.25,129.55,82.45,80,10,6.64,light rain
652,Putina,PE,-15.4667,-69.4333,53.44,52,50,13.49,scattered clouds
653,Kaabong,UG,3.4836,34.1492,71.35,55,11,12.26,few clouds
654,Palana,RU,59.1167,159.9667,20.79,82,100,6.62,overcast clouds
655,Vicuna,CL,-30.0319,-70.7081,88.77,30,16,9.22,few clouds
656,Cap Estate,LC,14.0833,-60.95,85.62,70,20,10.36,few clouds
657,Am Timan,TD,11.0297,20.2827,84.36,43,35,4.56,scattered clouds
658,Comodoro Rivadavia,AR,-45.8667,-67.5,78.66,21,0,25.32,clear sky
659,Kuala Terengganu,MY,5.3302,103.1408,78.75,94,20,3.44,few clouds
660,Batemans Bay,AU,-35.7167,150.1833,60.1,67,99,3.65,overcast clouds
661,Surab,PK,28.4914,66.2585,53.46,15,0,5.39,clear sky
662,El Fuerte,MX,26.4189,-108.6194,84.7,47,1,3.04,clear sky
663,Krasnyy Yar,RU,46.5331,48.3456,37.33,77,5,7.38,clear sky
664,Myitkyina,MM,25.3833,97.4,70.7,85,97,1.54,overcast clouds
665,Daru,PG,-9.0763,143.2092,80.58,81,99,13.65,overcast clouds
666,Murray Bridge,AU,-35.1167,139.2667,60.69,90,90,9.26,overcast clouds
667,Porto Torres,IT,40.835,8.3972,60.98,80,100,10.74,overcast clouds
668,Brus Laguna,HN,15.75,-84.4833,86.41,67,100,6.82,overcast clouds
669,Diksmuide,BE,51.0333,2.8667,53.94,93,87,8.05,overcast clouds
670,Unguia,CO,8.0434,-77.0945,86.43,71,100,3.98,overcast clouds
671,Port Shepstone,ZA,-30.7414,30.455,66.58,84,100,21.09,overcast clouds
672,Mattru,SL,7.6244,-11.8332,78.53,84,96,5.55,overcast clouds
673,Realeza,BR,-25.7689,-53.5325,81.91,29,100,5.32,overcast clouds
674,Beisfjord,NO,68.3751,17.5988,34.97,88,100,9.19,overcast clouds
675,Salta,AR,-24.7859,-65.4117,88.09,18,0,4.0,clear sky
676,Killeen,US,31.1171,-97.7278,76.68,35,1,25.32,clear sky
677,Tel Aviv-Yafo,IL,32.0805,34.7805,72.1,73,0,1.14,clear sky
678,Santa Ines,BR,-3.6667,-45.38,86.85,56,79,3.33,broken clouds
679,Hassleholm,SE,56.1591,13.7664,56.98,90,100,12.95,overcast clouds
680,Hamilton,US,39.1834,-84.5333,59.36,66,1,1.99,clear sky
681,Lincoln,US,40.8,-96.667,57.11,96,90,4.0,mist
682,Galesong,ID,-5.3166,119.3661,75.22,80,98,5.48,overcast clouds
683,Buin,CL,-33.7333,-70.75,82.72,26,0,10.45,clear sky
684,Ilo,PE,-17.6394,-71.3375,67.32,71,6,7.34,clear sky
685,Nefteyugansk,RU,61.0998,72.6035,12.45,90,89,5.44,overcast clouds
686,Vostok,RU,46.4856,135.8833,34.05,95,100,3.02,overcast clouds
687,Norrkoping,SE,58.5942,16.1826,56.39,82,75,8.05,broken clouds
688,Buta,CD,2.7858,24.73,74.3,82,21,1.16,few clouds
689,Kemi,FI,65.8596,24.8228,29.97,93,90,6.91,light snow
690,Gat,IL,31.61,34.7642,70.81,62,0,6.89,clear sky
691,Pingzhuang,CN,42.0372,119.2889,44.87,42,0,0.74,clear sky
692,Kandrian,PG,-6.2167,149.55,77.59,88,75,7.23,broken clouds
693,Bosaso,SO,11.2842,49.1816,79.9,60,0,3.24,clear sky
694,Cumberland,US,35.0502,-78.8664,72.48,48,1,4.61,clear sky
695,Massa Marittima,IT,43.049,10.8928,57.54,56,93,6.2,overcast clouds
696,Yichun,CN,47.7,128.9,28.02,96,19,3.67,few clouds
697,Alofi,NU,-19.0595,-169.9187,76.89,73,100,14.97,overcast clouds
698,Matay,EG,28.419,30.7792,79.56,24,0,5.5,clear sky
699,Port-Gentil,GA,-0.7193,8.7815,78.21,83,100,14.12,overcast clouds
700,Paramonga,PE,-10.6667,-77.8333,68.34,72,15,12.41,few clouds
701,Aasiaat,GL,68.7098,-52.8699,11.46,76,100,5.88,overcast clouds
702,Douglas,US,41.3,-96.167,55.15,95,90,3.0,moderate rain
703,Ocos,GT,14.5094,-92.1933,93.7,75,55,6.06,broken clouds
704,Luancheng,CN,37.8792,114.6517,51.96,51,100,1.86,light rain
705,Thetford Mines,CA,46.0913,-71.3013,53.28,62,79,11.54,broken clouds
706,Dumai,ID,1.6833,101.45,75.31,95,9,1.9,clear sky
707,Ushumun,RU,52.7833,126.5333,30.7,79,22,4.72,few clouds
708,Palauig,PH,15.435,119.9045,80.06,76,17,4.07,few clouds
709,Charters Towers,AU,-20.1,146.2667,68.67,93,6,9.31,clear sky
